Model, Dataset, LMA_O, Narea_O, SPAD_O, Nmass_O, Parea_O, Pmass_O, Vcmax, Vcmax25, J, Photo_O, Cond_O, Average
HyperSpectrumModel4Layers_optimized_0.05, train, 0.40615004301071167, 0.40615004301071167, 0.40615004301071167, 0.40615004301071167, 0.40615004301071167, 0.40615004301071167, 0.40615004301071167, 0.40615004301071167, 0.40615004301071167, 0.40615004301071167, 4.061500430107117
HyperSpectrumModel4Layers_optimized_0.05, val, 0.40615004301071167, 0.40615004301071167, 0.40615004301071167, 0.40615004301071167, 0.40615004301071167, 0.40615004301071167, 0.40615004301071167, 0.40615004301071167, 0.40615004301071167, 0.40615004301071167, 4.061500430107117
HyperSpectrumModel4Layers_optimized_0.05, test, 0.40615004301071167, 0.40615004301071167, 0.40615004301071167, 0.40615004301071167, 0.40615004301071167, 0.40615004301071167, 0.40615004301071167, 0.40615004301071167, 0.40615004301071167, 0.40615004301071167, 4.061500430107117
