Model, Dataset, LMA_O, Narea_O, SPAD_O, Nmass_O, Parea_O, Pmass_O, Vcmax, Vcmax25, J, Photo_O, Cond_O, Average
HyperSpectrumModel4Layers_optimized_0.1, train, 0.4123055338859558, 0.4123055338859558, 0.4123055338859558, 0.4123055338859558, 0.4123055338859558, 0.4123055338859558, 0.4123055338859558, 0.4123055338859558, 0.4123055338859558, 0.4123055338859558, 4.123055338859558
HyperSpectrumModel4Layers_optimized_0.1, val, 0.4123055338859558, 0.4123055338859558, 0.4123055338859558, 0.4123055338859558, 0.4123055338859558, 0.4123055338859558, 0.4123055338859558, 0.4123055338859558, 0.4123055338859558, 0.4123055338859558, 4.123055338859558
HyperSpectrumModel4Layers_optimized_0.1, test, 0.4123055338859558, 0.4123055338859558, 0.4123055338859558, 0.4123055338859558, 0.4123055338859558, 0.4123055338859558, 0.4123055338859558, 0.4123055338859558, 0.4123055338859558, 0.4123055338859558, 4.123055338859558
