Model, Dataset, LMA_O, Narea_O, SPAD_O, Nmass_O, Parea_O, Pmass_O, Vcmax, Vcmax25, J, Photo_O, Cond_O, Average
HyperSpectrumModel4Layers_defaults, train, 0.41668272018432617, 0.41668272018432617, 0.41668272018432617, 0.41668272018432617, 0.41668272018432617, 0.41668272018432617, 0.41668272018432617, 0.41668272018432617, 0.41668272018432617, 0.41668272018432617, 4.166827201843262
HyperSpectrumModel4Layers_defaults, val, 0.41668272018432617, 0.41668272018432617, 0.41668272018432617, 0.41668272018432617, 0.41668272018432617, 0.41668272018432617, 0.41668272018432617, 0.41668272018432617, 0.41668272018432617, 0.41668272018432617, 4.166827201843262
HyperSpectrumModel4Layers_defaults, test, 0.41668272018432617, 0.41668272018432617, 0.41668272018432617, 0.41668272018432617, 0.41668272018432617, 0.41668272018432617, 0.41668272018432617, 0.41668272018432617, 0.41668272018432617, 0.41668272018432617, 4.166827201843262
